,14590,3037,6346,6112,12813,9962,14891,6296,804,10771
cds_content_id,article-mm-629b7a7ecf6c6000010c4a8b,article-mm-624e110d71a6e00001b24f33,article-mm-62bc563c4d3ac900017c2539,article-mm-62974cd49b775300019dd97a,article-mm-6263dc488c5b9500015deec4,article-mm-625e7ec16e91510001656495,article-mm-629cea71002e810001e974af,article-mm-62bc485dbd1e1f0001187e6e,article-mm-62bd4b20da35de0001720d61,article-mm-629ee8369ad6380001223d46
brands,['nu.nl'],['nu.nl'],['nu.nl'],['nu.nl'],['nu.nl'],['nu.nl'],['nu.nl'],['nu.nl'],['nu.nl'],['nu.nl']
article_id,6204747,6193720,6209323,6204103,6196848,6195940,6204473,6209309,6209433,6205040
title,Borussia Mönchengladbach haalt in Rusland opgestapte Farke als nieuwe trainer,Stikstofminister: Provincies onderhandelen met zestig grote vervuilers,Boeren blokkeren ingang provinciehuis in Leeuwarden,Opening watersportcentrum Het Bastion Veur Lent loopt opnieuw maanden vertraging,Vrees voor nog groter tekort aan bak- en braadolie door exportban Indonesië,Piqué bijt van zich af na schijn van belangenverstrengeling bij Supercopa-deal,Moeite met je rekeningen betalen? Dit gebeurt er bij een betalingsachterstand,Intrekken Nederlanderschap Syriëgangster vernietigd door Raad van State,Na huiszoekingen ook hotel Bahrain Victorious vlak voor Tour-start doorzocht,Wolvin doodgereden op A50 bij Apeldoorn
text_cleaned,"De voormalig trainer van de beloften van Borussia Dortmund tekende in januari een contract bij het Russische Krasnodar. Vanwege de inval in Oekraïne vertrok hij daar echter nog voordat hij een wedstrijd op de bank had gezeten. De voormalig aanvaller beleefde zijn grootste successen als trainer van Norwich City. Met de Engelse ploeg dwong hij zowel in 2019 als 2021 promotie af naar de Premier League. Vanwege tegenvallende resultaten op het hoogste niveau werd hij in november vorig jaar ontslagen. Bij Borussia Mönchengladbach is Farke de opvolger van Adi Hütter, die vertrok na afgelopen seizoen op de tiende plaats te zijn geëindigd in de Bundesliga. Het contract van de nieuwe trainer loopt tot medio 2025. Gladbach geeft ruiterlijk toe dat Farke niet de eerste keus was. De club probeerde voormalig succestrainer Lucien Favre terug te halen, maar de Zwitser bedankte voor de eer. 'We hebben alles geprobeerd, maar het is niet gelukt', zei sportief directeur Roland Virkus vorige maand tegen de aandeelhouders. Ook Vincent Kompany was in beeld. De bij Anderlecht vertrokken Belg lijkt echter voor Burnley te kiezen.","Het kabinet wil samen met provincies grote vervuilers versneld uitkopen om de neerslag van stikstof in kwetsbare natuurgebieden te verminderen. De uitkoopregeling voor zogenoemde piekbelasters moet 'zo aantrekkelijk mogelijk' zijn, benadrukte de minister in de Kamer. De minister wees opnieuw op manieren om groener te boeren en zei dat vrijwilligheid centraal staat bij het uitkopen van boeren in kwetsbare gebieden. Gedwongen uitkoop is volgens haar echter niet uit te sluiten. 'Als bijvoorbeeld uit de gebiedsinformatie vanuit de provincies blijkt dat vrijwillige maatregelen niet tot resultaat leiden, dan heb je geen andere keuze. Dan moet ik ingrijpen en dat is het moment dat onteigening volgens de geldende procedures moet worden ingezet', vertelde Van der Wal. Die procedures houden volgens de minister ook in dat zij 'aan de voorkant' duidelijk wil maken 'onder welke voorwaarde we onteigening gaan inzetten'. Zo hoopt ze meer duidelijkheid te geven aan boeren in gebieden met veel kwetsbare natuur. 'Dat hoort bij fair play.'",Tientallen boeren hebben zich woensdag verzameld bij het provinciehuis in Leeuwarden. Ze blokkeerden de draaideur van het gebouw.,"Watersporters kunnen daardoor naar verwachting pas dit najaar gebruikmaken van het gebouw. De officiële opening volgt komend voorjaar. Eerder [stond de oplevering gepland vóór de Vierdaagse](https://www.gelderlander.nl/nijmegen- e-o/verenigingen-in-de-knel-doordat-watersportcentrum-volgend-jaar-pas-af-is- moeilijk-leden-betrokken-te-houden~ab6a2362/). 'Helaas is dat niet haalbaar. Onder andere kozijnen en spullen voor de steigerbouwers kunnen door de toestand in Oekraïne niet tijdig geleverd worden', zegt Rob Cuppen, voorzitter van het Watersportcentrum. De accommodatie bij de Spiegelwaal moet hét watersportcentrum van Nijmegen worden. Vijf clubs trekken erin: studentenroeivereniging Phocas, zeilclub De Loefbijter, windsurfvereniging Aeolus, kanoclub De Batavier en de Nijmeegse Reddingsbrigade. De werkzaamheden zijn in volle gang. Het idee is al jaren dat de verenigingen samen voor een levendig watersportgebied gaan zorgen. De recente vertraging is de zoveelste tegenvaller. Aanvankelijk zou het watersportcentrum er in 2017 komen. De realisatie was lastiger dan gedacht. Eind 2016 was de financiering nog niet rond en moest het bestemmingsplan worden aangepast. In 2018 haakte roeivereniging De Waal af als toekomstig gebruiker. ## Gestegen bouwkosten Later hinderden gestegen bouwkosten de voortgang: de gemeenteraad moest akkoord gaan met een investering van 4,35 miljoen euro, 350.000 euro meer dan gedacht. Ook was er vorig jaar nog geen grootverbruikersaansluiting op het elektriciteitsnet. Dat er nu wéér vertraging is, kan op begrip rekenen van de verenigingen die straks gebruik gaan maken van het gebouw. Ook van studentenroeivereniging Phocas dat nu een verouderd botenhuis als onderkomen heeft. 'Dit is overmacht. Niemand kan hier iets aan doen. We zijn blij dat we wekelijks zien hoe er stappen worden gezet met de bouw', zegt bestuurslid Gijs Tolmeijer.","In rijkere landen zal het tekort aan kookolie, ook na de exportban van andere landen, tot hogere prijzen voor voedingsmiddelen als sladressing en mayonaise leiden. In ontwikkelingslanden als India zullen de grootste klappen vallen. Deze landen zijn qua voedingspatroon sterk afhankelijk van de invoer van palmolie als goedkoper alternatief voor de duurdere soja-, zonnebloem- en canolaolie. De aankondiging van het verbod leidde vrijdag al tot beroering op de grondstoffenmarkt. Zo ging de prijs van sojaolie hard omhoog. Volgens kenners van Rabobank is de export van eetbare olie uit Indonesië naar de rest van de wereld 'onmogelijk te vervangen'. ## Krappe voorraden van andere plantaardige oliën De Russische inval in Oekraïne heeft eerder al geleid tot chaos bij de handel in zonnebloemolie. Oekraïne is wereldwijd de grootste leverancier van zonnebloemolie en ook een belangrijke producent van raapzaad. Door de oorlog daar worden veel minder van deze producten verscheept. Koolzaad en soja waren al moeilijker verkrijgbaar door droogte in Canada en Zuid-Amerika. De oorlog heeft sowieso impact op de toch al krappe voorraden van andere plantaardige oliën die worden gebruikt in voeding, biobrandstoffen en verzorgingsproducten. Veel bedrijven gingen vanwege tekorten aan zonnebloemolie op zoek naar alternatieven zoals palmolie en zorgden zo weer voor tekorten in Indonesië. In Nederland beperken supermarkten de verkoop van zonnebloemolie soms al, meldde brancheorganisatie Centraal Bureau Levensmiddelenhandel (CBL) eerder. In meerdere supermarkten zijn de schappen met zonnebloemolie leeg.","De opzet van de Supercopa veranderde drie jaar geleden in een minitoernooi in Saoedi-Arabië. Volgens het Spaanse medium blijkt dat Piqués bedrijf Kosmos Holding bij deze wijziging betrokken was. De onderneming van Piqué zou een bedrag van 24 miljoen euro hebben overgehouden aan de zesjarige deal, zo ontdekte _El Confidencial_. De krant wist de hand te leggen op gesprekken tussen Piqué en Luis Rubiales, de voorzitter van de Spaanse voetbalbond. 'Alles wat we gedaan hebben, is legaal', reageert Piqué op zijn Twitch-kanaal. De voormalig international van Spanje baalt ervan dat zijn naam zo negatief in het nieuws komt. 'Het enige wat hier illegaal is, is dat privéaudioberichten werden gestolen en aan de pers werden gegeven. Ik weet hoe ik een zakendeal moet scheiden van voetbal. Ik heb geen hulp gekregen.' ## 'Kan voetbal en commerciële kant heel goed scheiden' De 35-jarige Pique zegt juist trots te zijn op de overeenkomst, die in zijn ogen belangrijk is voor het Spaanse voetbal. 'Ik ga geen beslissingen nemen op basis van wat andere mensen denken. Ik heb niets te verbergen.' Piqué legt uit dat zijn bedrijf goede connecties in Saoedi-Arabië heeft en dat het land graag topwedstrijden organiseert. 'Wij besloten toen met de voorzitter van de Spaanse bond in gesprek te gaan om te kijken of hij het interessant zou vinden om de supercup buiten Spanje te spelen.' Dat Piqué met zijn bedrijf zaken met de Spaanse bond doet, heeft volgens de clubicoon geen enkele invloed op zijn spel binnen de lijnen. 'Ik kan een commerciële overeenkomst heel goed scheiden van wat ik al mijn hele leven doe: voetballen.' Piqué, die momenteel geblesseerd is, speelt sinds 2008 voor FC Barcelona, waar hij eerder ook deel uitmaakte van de jeugdopleiding. Hij heeft bij de Catalaanse club een contract tot de zomer van 2024.","1,5 miljoen huishoudens in Nederland hebben zulke grote betalingsachterstanden dat er sprake is van geldproblemen, [blijkt uit de meest recente cijfers (2018) die het Nibud hanteert](https://www.nibud.nl/dossiers/geldproblemen-in- nederland/). 'Wij spreken van een betalingsachterstand als iemand langer dan een maand de rekening niet betaalt', zegt teamleider Frederieke Kokol van Geldfit. In de praktijk ziet Kokol dat de rekening van de zorgverzekeraar als eerste wordt overgeslagen bij geldproblemen. 'Want als je die niet betaalt, ben je meestal nog steeds verzekerd.' De huur of de gas-, water- en lichtrekening doorschuiven kan meer impact hebben. 'Daarbij vrezen mensen uit huis te worden gezet of te worden afgesloten.' ## Hoe los je een betalingsachterstand in? Lukt het niet de rekening te betalen? Neem dan zo snel mogelijk contact op met de partij waar je een schuld hebt, adviseert Kokol. 'Dan zijn ze op de hoogte en kunnen ze meedenken over een oplossing. Zoals een betalingsregeling of een ander pakket dat misschien beter bij jou past.' Hoe eerder je je meldt, hoe meer mogelijkheden er zijn voor hulp en het vinden van een oplossing. In de Brabantse gemeente Laarbeek (23.000 inwoners) proberen ze de drempel naar financiële hulp daarom ook zo laag mogelijk te maken. 'Ervaringsdeskundigen denken met ons mee hoe we mensen het beste kunnen bereiken', zegt verantwoordelijk wethouder Monika Slaets. In bibliotheken en buurthuizen kunnen inwoners advies vragen en binnenkort komt er een 'inloopmarkt'. 'Er is veel stille armoede. Als gemeente hebben we veel voorzieningen, maar als niemand daar gebruik van maakt, heb je er niets aan. Soms melden inwoners zich pas als het water ze al boven de lippen staat.' Ook belangrijk is om overzicht te krijgen in de uitgaven en inkomsten. 'Zo kun je nagaan waar eventueel nog mogelijkheden zijn om geld te besparen', zegt Kokol. Of om juist de inkomsten te verhogen. Geldfit adviseert mensen die aan de bel trekken bijvoorbeeld om [de Voorzieningenwijzer](https://www.devoorzieningenwijzer.nl/nsr) te raadplegen. 'Wellicht zijn er nog toeslagen of voorzieningen waar je recht op hebt. Dat verschilt per gemeente.' ## Welke hulp is er bij schulden? Sinds vorig jaar zijn gemeenten wettelijk verplicht om inwoners met een betalingsachterstand op tijd te benaderen en te helpen bij het wegwerken daarvan. Uit de monitor van Divosa (de vereniging van sociale diensten) blijkt dat vorig jaar 380.000 signalen van betalingsachterstanden binnenkwamen bij gemeenten. In de helft van de gevallen ging het om een achterstand bij het betalen van de zorgverzekering. Laarbeek werkt bijvoorbeeld samen met partners die doorgeven als een inwoner een betalingsachterstand heeft. 'In dat geval gaat er een consulent van ons langs', zegt Slaets. Bij die gesprekken aan huis wordt de consulent soms met open armen ontvangen. 'Maar soms is iemand nog niet klaar voor hulp', zegt Slaets. Na zo'n huisbezoek wordt bepaald welke hulp iemand krijgt. Dat kan een vrijwilliger zijn die helpt om weer overzicht in de financiën te krijgen. 'We bieden ook cursussen budgetteren aan.' Als de problemen te groot zijn, volgt soms professionele schuldhulp via de welzijnsorganisatie of schuldsanering. Ook Geldfit werkt samen met verschillende gemeenten en bedrijven die hun inwoners of klanten naar hen doorverwijzen bij betalingsproblemen. 'Bij ons kun je anoniem terecht.' Kokol en haar collega's krijgen momenteel veel vragen over stijgende energieprijzen. 'Daarbij verwijzen we bijvoorbeeld naar de energiecoaches van gemeenten.' ## Wanneer beland je in de schuldsanering? Zijn de schulden toch hoog opgelopen, dan kun je in de schuldsanering terechtkomen. 'Wij spreken van problematische schulden als het niet zou lukken om binnen 36 maanden zelfstandig je schuld af te lossen', zegt Kokol. 'Dan is het mogelijk om bij de professionele schuldhulpverlening aan te kloppen.' Het traject van schuldhulpverlening duurt 36 maanden. 'Het is een zwaar traject', zegt zij. 'Drie jaar lang geef je je financiën uit handen en moet je voldoen aan strenge regels.' Als het lukt om zelf de schulden af te lossen, heeft dat de voorkeur. 'Bijvoorbeeld met hulp van een vrijwilliger.' [Op 31 december zaten er 10.500 mensen in de schuldsanering, blijkt uit cijfers van het CBS](https://www.nu.nl/economie/6203231/ondanks-corona-zitten-historisch- weinig-mensen-in-schuldsanering.html). Dat zijn er 3.400 minder dan een jaar daarvoor. 'Aan de ene kant is het natuurlijk mooi dat er minder mensen in de schuldsanering zitten', zegt Kokol. 'Aan de andere kant zou het ook zo kunnen zijn dat mensen het niet of veel te laat melden als ze in de financiële problemen zitten.'","Een vrouwelijke Syriëganger behoudt haar Nederlanderschap. Het besluit om haar ongewenst te verklaren en haar het Nederlanderschap te ontnemen, is woensdag door de Raad van State (RvS) vernietigd. Volgens de Raad heeft de staatssecretaris van Justitie en Veiligheid de belangen van haar twee minderjarige kinderen niet genoeg meegewogen. De vrouw vertrok in 2013 naar Syrië en trouwde daar met een IS-strijder. In 2015 en 2016 kreeg zij in dat land twee kinderen. Ze verheerlijkte openlijk de werkwijze van terreurbeweging Islamitische Staat (IS) en poseerde met een automatisch vuurwapen. Tot 2019 leefde ze in door IS-gecontroleerd gebied, daarna verbleef ze in een Koerdisch kamp. Haar Nederlandse nationaliteit werd ingetrokken en ze werd eind oktober 2019 ongewenst verklaard. Half november kwam zij met een Turks nooddocument via Ankara naar Nederland, waar ze sinds haar aankomst op Schiphol in de gevangenis zit. De rechter heeft haar veroordeeld tot vier jaar cel voor deelname aan een terroristische organisatie en het voorbereiden van terroristische misdrijven. De Raad van State is het dan ook eens met de redenen van de staatssecretaris om haar ongewenst te verklaren, maar vindt óók dat in de huidige omstandigheden het belang van de kinderen bij het besluit betrokken moeten worden. Haar minderjarige kinderen hebben namelijk de Nederlandse nationaliteit, wonen hier en gaan hier naar school. De vrouw het land uitzetten heeft grote gevolgen voor de kinderen. Aangezien dit niet is meegewogen, wordt het besluit van de staatssecretaris van Justitie en Veiligheid verworpen. Een woordvoerder van staatssecretaris Eric van der Burg kon nog niet zeggen of er een nieuwe procedure tegen de vrouw wordt gestart. 'We bestuderen de uitspraak en lopen voorlopig nog niet op de gevolgen vooruit.' Vijf personen die werden aangezien voor jihadisten kregen in 2019 officieel het Nederlanderschap [terug](https://www.nu.nl/binnenland/5997293/vijf- jihadisten-krijgen-nederlanderschap-terug.html). De Raad van State besloot in april dat twee mannen onterecht hun Nederlanderschap verloren nadat zij zich hadden aangesloten bij strijdgroepen in Irak en Syrië. Op het moment dat ze actief waren bij deze groepen, waren deze organisaties namelijk nog niet verboden verklaard.","Het hotel waar de ploeg van Bahrain Victorious verblijft in aanloop naar de start van de Tour de France is donderdagochtend doorzocht door de Deense politie. De grootste wielerkoers ter wereld begint vrijdag in Kopenhagen. Bahrain Victorious meldt in een [verklaring](https://bahraincyclingteam.com/team-bahrain-victorious-hotel- searched-by-police/) dat de politie om 5.30 uur aan de deur stond en twee uur later, nadat alles was gecheckt, weer vertrok. Er zijn volgens de ploeg geen spullen in beslag genomen. Maandag werden al huiszoekingen gedaan bij een aantal renners en stafleden van Bahrain Victorious. De controles houden verband met een onderzoek dat vorig jaar door de Franse politie tijdens de Tour werd gedaan. Destijds werd in de slotweek in opdracht van de openbaar aanklager in Marseille eveneens het hotel doorzocht. Er werd een onderzoek geopend naar 'de aankoop, het transport en het bezit van verboden middelen of methodes, zonder medische doeleinden'. Bahrain Victorious reageerde maandag furieus op de huiszoekingen. De ploeg stelde dat het geen toeval was dat dat uitgerekend enkele dagen voor de Tour- start gebeurde. 'We zijn van mening dat deze timing tot doel heeft om bewust ons imago te schaden', werd toen onder meer gemeld. Bij Bahrain Victorious staat met Wout Poels één Nederlandse renner onder contract. Hij maakt geen deel uit van de Tour-ploeg, waarin Jack Haig en Damiano Caruso de kopmannen zijn.",Rijkswaterstaat heeft het dier naar het Dutch Wildlife Health Centre (DWHC) van de Universiteit Utrecht overgebracht. Uit de eerste sectie is gebleken dat de jonge wolvin in goede conditie was. Vermoedelijk was het dier op slag dood. Het DWHC hoopt met nader onderzoek te kunnen achterhalen of het een jong was van de roedel die op de Noord-Veluwe leeft. Wageningen Environmental Research (WENR) doet onderzoek naar onder meer de leeftijd van het dier.
authors,['NU.nl'],['NU.nl/ANP'],['NU.nl'],['De Gelderlander'],['NU.nl/ANP'],['NU.nl/ANP'],['Marjolein Kooyman'],['NU.nl/ANP'],['NU.nl'],['NU.nl/ANP']
url,https://nu.nl/sport/6204747/borussia-monchengladbach-haalt-in-rusland-opgestapte-farke-als-nieuwe-trainer.html,https://nu.nl/algemeen/6193720/stikstofminister-provincies-onderhandelen-met-zestig-grote-vervuilers.html,https://nu.nl/binnenland/6209323/boeren-blokkeren-ingang-provinciehuis-in-leeuwarden.html,https://nu.nl/login-vereist/6204103/opening-watersportcentrum-het-bastion-veur-lent-loopt-opnieuw-maanden-vertraging.html,https://nu.nl/economie/6196848/vrees-voor-nog-groter-tekort-aan-bak-en-braadolie-door-exportban-indonesie.html,https://nu.nl/sport/6195940/pique-bijt-van-zich-af-na-schijn-van-belangenverstrengeling-bij-supercopa-deal.html,https://nu.nl/geldzaken/6204473/moeite-met-je-rekeningen-betalen-dit-gebeurt-er-bij-een-betalingsachterstand.html,https://nu.nl/algemeen/6209309/intrekken-nederlanderschap-syriegangster-vernietigd-door-raad-van-state.html,https://nu.nl/sport/6209433/na-huiszoekingen-ook-hotel-bahrain-victorious-vlak-voor-tour-start-doorzocht.html,https://nu.nl/algemeen/6205040/wolvin-doodgereden-op-a50-bij-apeldoorn.html
section.main_section,Sport,Algemeen,Algemeen,NUregio,Economie,Sport,Economie,Algemeen,Sport,Algemeen
section.sub_section,Voetbal,,Binnenland,Nijmegen,,,Geld,Binnenland,Tour de France,Binnenland
new_article,True,True,True,True,True,True,True,True,True,True
enrichments.num_words,179,157,18,251,230,299,712,334,219,73
enrichments.num_sentences,13,10,3,25,15,19,61,23,16,6
enrichments.raw_character_count,1121,1036,129,1881,1598,1816,4685,2274,1434,452
enrichments.userneeds.max,raak_me_verbind_me,hou_me_op_de_hoogte,hou_me_op_de_hoogte,geef_me_context,hou_me_op_de_hoogte,geef_me_context,geef_me_context,hou_me_op_de_hoogte,hou_me_op_de_hoogte,hou_me_op_de_hoogte
enrichments.garm_v2.normal,False,True,True,True,False,True,True,False,True,True
images.url,http://media.nu.nl/m/xwqxua9ai1c2.jpg,http://media.nu.nl/m/xqbxgo3a105g.jpg,http://media.nu.nl/m/q5zx4yhabpwm.jpg,http://media.nu.nl/m/z9fxm3faw06i.jpg,http://media.nu.nl/m/4iqxolaaj0zi.jpg,http://media.nu.nl/m/rprxsqjaabjt.jpg,http://media.nu.nl/m/c5kxs1damg4l.jpg,http://media.nu.nl/m/z7txhz6aqyko.jpg,http://media.nu.nl/m/sptx5wlajddz.jpg,http://media.nu.nl/m/j70xgb7a76rv.jpg
enriched_article.first_publication_ts,2022-06-04T17:51:42,2022-04-07T06:58:37,2022-06-29T15:53:39,2022-06-01T13:23:16,2022-04-23T14:10:39,2022-04-19T12:49:58,2022-06-05T19:35:31,2022-06-29T16:42:36,2022-06-30T09:03:53,2022-06-07T07:59:35
enriched_article.categories,Voetbal|Sport,Politiek|Algemeen|Binnenland,Binnenland,Nijmegen|login-vereist,Economie|Algemeen,Sport|Voetbal,Geld,Binnenland|Algemeen,Tour de France|Wielrennen|Sport,Algemeen|Binnenland
enriched_article.source_keywords,Borussia Mönchengladbach|Bundesliga,Politiek|Binnenland|Stikstof,Binnenland,Nijmegen,Economie,Voetbal|Gerard Piqué|FC Barcelona,Geld,Islamitische Staat|Binnenland|Syriëgangers,Tour de France|Bahrain Victorious|Wielrennen,Wolven|Apeldoorn|Binnenland
media_topic.name,"('sport', 'sportdiscipline', 'voetbal', 'sportevenement', 'nationaal kampioenschap')","('economie, business en financiën', 'milieu', 'politiek', 'economische sector', 'landbouw')","('economie, business en financiën', 'human interest', 'economische sector', 'landbouw')","('economie, business en financiën', 'politiek', 'economische sector')","('economie, business en financiën', 'economische sector', 'economie', 'macro-economie')","('sport', 'sportdiscipline', 'voetbal', 'sportevenement')","('economie, business en financiën', 'politiek', 'samenleving', 'economische sector')","('misdaad, recht en justitie', 'politiek', 'misdaad', 'terrorisme')","('sport', 'sportdiscipline', 'wielersport', 'wegwielrennen')","('human interest', 'dieren')"
media_topic.score,"(0.9999545999999999, 0.9999545999999999, 0.9999545999999999, 0.50132084, 0.60273814)","(0.9969619, 0.8641192, 0.9863067, 0.99186724, 0.9138662999999999)","(0.9999545999999999, 0.99815434, 0.9999545999999999, 0.99437827)","(0.9840835, 0.72385234, 0.9314593)","(0.9999439999999999, 0.941522, 0.9868307, 0.88718414)","(0.9999545999999999, 0.9999545999999999, 0.9999545999999999, 0.63857555)","(0.97249776, 0.8995612, 0.7922294999999999, 0.50599897)","(0.9999545999999999, 0.6928394, 0.9833430999999999, 0.66298664)","(0.9999545999999999, 0.9999545999999999, 0.9999545999999999, 0.8258158600000001)","(0.9999545999999999, 0.9999545999999999)"
named_entity.name,"('Anderlecht', 'Borussia Dortmund', 'Borussia Mönchengladbach', 'Bundesliga', 'Burnley', 'Krasnodar', 'Lucien Favre', 'Norwich City', 'Oekraïne', 'Premier League', 'Vincent Kompany', 'Adi Hütter', 'Roland Virkus')","('Kamer',)","('Leeuwarden',)","('Phocas', 'De Batavier', 'De Loefbijter', 'De Waal', 'Gijs Tolmeijer', 'Nijmeegse Reddingsbrigade', 'Nijmegen', 'Oekraïne', 'Rob Cuppen', 'Spiegelwaal', 'Watersportcentrum', '~ab6a2362/')","('Indonesië', 'Oekraïne', 'CBL', 'Canada', 'Centraal Bureau Levensmiddelenhandel', 'India', 'Nederland', 'Rabobank', 'Zuid-Amerika')","('Saoedi-Arabië', 'Spanje', 'FC Barcelona', 'Kosmos Holding', 'Luis Rubiales', 'Piqué', 'Supercopa')","('Laarbeek', 'Nederland', 'CBS](https://www.nu.nl', 'Divosa', 'Frederieke Kokol', 'Geldfit', 'Monika Slaets', 'Nibud')","('Islamitische Staat', 'Raad van State', 'Nederlanderschap', 'Justitie en Veiligheid', 'Syrië', 'Ankara', 'Eric van der Burg', 'Irak', 'Nederland', 'Raad', 'RvS', 'Schiphol')","('Bahrain Victorious', 'Tour', 'Damiano Caruso', 'Jack Haig', 'Kopenhagen', 'Marseille', 'Tour de France', 'Tour-', 'Wout Poels')","('DWHC', 'Dutch Wildlife Health Centre', 'Noord-Veluwe', 'Rijkswaterstaat', 'Universiteit Utrecht', 'WENR', 'Wageningen Environmental Research')"
named_entity.type,"('ORGANISATION', 'ORGANISATION', 'ORGANISATION', 'MISCELLANEOUS', 'ORGANISATION', 'ORGANISATION', 'PERSON', 'ORGANISATION', 'LOCATION', 'MISCELLANEOUS', 'PERSON', 'PERSON', 'PERSON')","('ORGANISATION',)","('LOCATION',)","('LOCATION', 'LOCATION', 'LOCATION', 'ORGANISATION', 'PERSON', 'LOCATION', 'LOCATION', 'LOCATION', 'PERSON', 'LOCATION', 'LOCATION', 'MISCELLANEOUS')","('LOCATION', 'LOCATION', 'ORGANISATION', 'LOCATION', 'ORGANISATION', 'LOCATION', 'LOCATION', 'ORGANISATION', 'LOCATION')","('LOCATION', 'LOCATION', 'ORGANISATION', 'ORGANISATION', 'PERSON', 'PERSON', 'LOCATION')","('LOCATION', 'LOCATION', 'ORGANISATION', 'ORGANISATION', 'PERSON', 'PERSON', 'PERSON', 'ORGANISATION')","('ORGANISATION', 'ORGANISATION', 'ORGANISATION', 'ORGANISATION', 'LOCATION', 'LOCATION', 'PERSON', 'LOCATION', 'LOCATION', 'ORGANISATION', 'ORGANISATION', 'LOCATION')","('PERSON', 'MISCELLANEOUS', 'PERSON', 'PERSON', 'LOCATION', 'LOCATION', 'MISCELLANEOUS', 'LOCATION', 'PERSON')","('ORGANISATION', 'ORGANISATION', 'LOCATION', 'ORGANISATION', 'ORGANISATION', 'ORGANISATION', 'ORGANISATION')"
named_entity.saliency,"(0.5, 0.5, 0.5, 0.5, 0.5, 0.5, 0.5, 0.5, 0.5, 0.5, 0.5, 0.4, 0.4)","(0.5,)","(0.5,)","(1.0, 0.0, 0.0, 0.0, 0.0, 0.0, 0.0, 0.0, 0.0, 0.0, 0.0, 0.0)","(1.0, 1.0, 0.0, 0.0, 0.0, 0.0, 0.0, 0.0, 0.0)","(1.0, 1.0, 0.0, 0.0, 0.0, 0.0, 0.0)","(0.5, 0.5, 0.4, 0.4, 0.4, 0.4, 0.4, 0.4)","(1.0, 0.6666667, 0.53333336, 0.33333334000000003, 0.33333334000000003, 0.0, 0.0, 0.0, 0.0, 0.0, 0.0, 0.0)","(0.8, 0.25, 0.0, 0.0, 0.0, 0.0, 0.0, 0.0, 0.0)","(0.8, 0.0, 0.0, 0.0, 0.0, 0.0, 0.0)"
named_entity.mentions,"('1058-1068', '41-58', '505-529', '644-654', '1103-1110', '109-118', '820-832', '299-311', '140-148', '387-401', '1021-1036', '555-565', '965-978')","('261-266',)","('74-84',)","('693-699,1661-1667', '761-772', '710-723', '1207-1214', '1866-1880', '779-804', '627-635', '467-475', '511-521', '584-595', '542-559', '341-351')","('585-594,1370-1379', '721-729,796-804', '1519-1522', '1045-1051', '1481-1517', '191-196', '1384-1393', '542-550', '1055-1067')","('78-91,1141-1154', '558-564,1356-1362', '1676-1688', '146-160', '391-404', '382-387', '16-25')","('1178-1186', '27-36', '4289-4311', '2379-2385', '361-377', '382-389', '1402-1415', '167-172')","('398-400,523-541,543-545,617-619', '164-178,1076-1090,2003-2017', '41-57,114-130,2065-2081', '243-265,1555-1577', '368-373,2154-2159', '836-842', '1627-1644', '2146-2150', '848-857', '208-212', '180-183', '890-898')","('28-46,223-241,591-609,973-991,1259-1277', '706-710,1369-1373', '1401-1415', '1388-1397', '211-221', '794-803', '89-103', '1120-1125', '1288-1298')","('70-74,238-242', '40-68', '335-347', '0-15', '83-103', '390-394', '355-388')"
topics.name,"('Borussia Mönchengladbach', 'Association football champions', 'Sports clubs', 'Sports', 'Association football clubs', 'Association football', 'Association football teams', 'Sports organizations', 'National association football premier leagues', 'Sports teams', 'Sports leagues', 'Professional sports leagues', 'Football teams', 'Team sports', 'Football codes', 'European football clubs in international competitions', 'Athletic sports', 'Clubs and societies', 'Lucien Favre', 'Borussia Dortmund', 'R.S.C. Anderlecht', 'UEFA club competitions', 'Football', 'Premier League', 'Association football club records and statistics', 'Vincent Kompany', 'Sports competitions', 'UEFA Cup winning clubs', 'UEFA Europa League winning clubs', 'Adi Hütter', 'Burnley F.C.', 'Norwich City F.C.', 'Sports companies', 'UEFA Cup winners', 'Sports organisations of England', 'National association football club competitions', 'Sports organizations of Europe', 'Premier League clubs', ""UEFA Cup Winners' Cup winning clubs"", ""UEFA Cup Winners' Cup winners"", 'UEFA Europa League winners', 'Bundesliga', 'Mönchengladbach', 'Association football leagues', 'UEFA Europa League', 'Sports organisations of the United Kingdom', 'European national association football teams', 'National association football teams', 'Anderlecht', 'Sports organisations of Germany', 'Association football competitions', 'England national football team', 'UEFA Cup', 'North Rhine-Westphalia', 'Association football organizations', 'Dortmund', 'English Football League clubs', 'Borussia Mönchengladbach managers', 'Association football players', 'Association football managers', 'National sports teams', 'Association football people', 'Sportspeople', 'Multi-sport clubs', 'Belgian First Division A', 'German sportspeople', 'Promotion and relegation', 'English Football League', 'England', 'Belgian monarchy', 'Sports competitors', 'Sports coaches', 'Russia', 'FA Cup', 'Yverdon Sport FC managers', 'European sportspeople', 'Sports business', 'People in sports', 'Swiss expatriate football managers', 'Football champions', 'Expatriates', 'Sport industry', 'Belgium', 'Krasnodar', 'Professional sports', 'Servette FC managers', 'G-14 clubs', 'BX Brussels', 'Switzerland', 'Belgian First Division A clubs', 'FC Zürich managers', 'UEFA Champions League winning clubs', 'Association football cup competitions', 'R.S.C. Anderlecht managers', 'Ukraine', 'Association football midfielders', 'Olympic footballers of Belgium', 'SV Austria Salzburg', 'Hertha BSC managers', 'The Football Association', 'Football_clubs_in_Lancashire', 'Rhineland', 'UEFA Super Cup winning clubs', 'Borussia Dortmund managers', 'Organizations with royal patronage', 'Belgian First Division A managers', 'Norfolk & Suffolk League', 'SV Austria Salzburg players', 'Norwich', 'Burnley', 'Government of Belgium', 'UEFA Super Cup winners', 'Swiss football managers', 'Publicly traded sports companies', 'Black Belgian sportspeople', 'FC Red Bull Salzburg', 'Bundesliga managers', 'FIFA World Cup', 'Footballers from Brussels', 'National association football cups', 'Swiss sports coaches', 'Austrian expatriate football managers', 'The Football League founder members', 'Switzerland national football team', 'Association football seasons', 'UEFA Champions League winners', 'UEFA Champions League', 'FIFA competitions', 'FC Red Bull Salzburg managers', 'EFL Cup winners', 'Non-metropolitan districts', 'Manchester City F.C.', 'Association football records and statistics', 'FA Cup winners', 'Servette FC', 'World championships in association football', 'Ruhr', 'Belgian sportspeople', 'FC Red Bull Salzburg players', 'Expatriate association football managers', 'Former English Football League clubs', 'Swiss expatriate sportspeople', 'Manchester City F.C. players', 'Austrian sports coaches', 'Servette FC players', 'Sportspeople from Brussels', 'Swiss expatriate footballers', 'Austrian expatriate sportspeople', 'Former sports entities', 'Southern Football League clubs', 'Hertha BSC', 'City Football Group', 'Austrian football managers', 'FC Zürich', 'Belgium national football team', 'EFL Cup', 'Switzerland international footballers', 'Grazer AK', 'Seasons in European football', 'Belgium youth international footballers', 'Municipalities of the Brussels-Capital Region', 'OGC Nice managers', 'UEFA competitions', 'Grazer AK players', 'Yverdon-Sport FC', 'Sports champions', 'Eintracht Frankfurt managers', 'Neuchâtel Xamax FCS', 'People from Uccle', 'Westphalia', 'Footballers', 'Austrian footballers', 'Neuchâtel Xamax FCS players', 'R.S.C. Anderlecht players', 'Southern Football League', 'FC Lausanne-Sport', 'Football organizations', 'Austria national football team', 'FA Cup Finals', 'Swiss Super League', 'Austria international footballers', 'Swiss Super League players', 'Publicly traded companies', 'Swiss footballers', 'FA Cup Final players', 'Austrian Football Bundesliga', 'Metropolitan areas of Germany', 'Sports organisations of Belgium', 'FC Lausanne-Sport players', 'Teams', 'Seasons in association football', 'Municipalities of Belgium', 'Premier League players', 'People from Hohenems', 'England national football teams', 'Belgium international footballers', 'Swiss sportspeople', 'Seasons in English football competitions', 'Government of Brussels', 'People from Dornbirn District', 'International club association football competitions', 'Ligue 1 managers', 'Austrian Football Bundesliga players', 'Uccle', 'OGC Nice', 'SC Rheindorf Altach players', 'Association football player-managers', ""Men's national sports teams of England"", 'SC Rheindorf Altach', 'Sport variants', 'Belgian expatriate footballers', 'Ligue 1', 'Sportspeople from Vorarlberg', 'Brussels', 'Ligue 1 players', 'Politics of Brussels', 'Belgian expatriate sportspeople', 'Toulouse FC', 'Belgian sports coaches', 'Toulouse FC players', 'Kapfenberger SV', 'Belgian football managers', 'Norfolk', 'National cup competitions', 'Kapfenberger SV players', 'People from Vorarlberg', 'UEFA member associations', 'Games of physical skill', 'BSC Young Boys managers', 'Swiss people', 'Eintracht Frankfurt', 'FIFA World Cup players', 'Zürich', 'Non-metropolitan districts of Lancashire', 'National association football league cups', 'Austrian people in sports', 'Neuchâtel', 'National sports teams of England', 'Belgian footballers', 'Salzburg', 'Belgian First Division A players', 'Swiss people in sports')","('Human activities', 'Free will', 'Minister (government)', 'Eminent domain', 'Politics', 'Government', 'Social institutions', 'Nitrogen', 'Ethics', 'Philosophy', 'Issues in ethics', 'Law', 'Ethical principles', 'Leiden', 'Justice', 'Concepts in metaphysics', 'Applied ethics', 'Cognition', 'Culture', 'Netherlands', 'Concepts in ethics', 'Public law', 'Precipitation', 'Governance', 'Political theories', 'Metaphysics', 'Government institutions', 'Technology', 'Cognitive science', 'Branches of science', 'Europe', 'Legal concepts', 'Accountability', 'Social issues', 'Change', 'Public sphere', 'Political science', 'Practical philosophy', 'International relations', 'Moral psychology', 'Economy', 'Principles', 'Metaphysics of mind', 'Primate behavior', 'Government-related organizations', 'Political ideologies', 'Executive branches of government', 'Health', 'Scientific theories', 'Social movements', 'Psychology', 'Philosophical theories', 'Health sciences', 'Philosophical problems', 'Policy', 'Rights', 'Causality', 'Public administration', 'Environmental social science', 'Morality', 'Common law', 'International law', 'Neuropsychological assessment', 'Nature', 'Benelux', 'Mental processes', 'Conflict (process)', 'Natural environment', 'Systems theory', 'Action (philosophy)', 'Assumption (reasoning)', 'Public policy', 'Philosophical movements', 'Cultural globalization', 'Science', 'Fiction', 'Civil law (common law)', 'Philosophical methodology', 'Private law', 'Communication', 'Government of the Netherlands', 'Civil law (legal system)', 'Psychological concepts', 'Leadership', 'Human rights', 'Literature', 'Interdisciplinary subfields')","('Protests', 'Political events', 'Freedom of assembly', 'Netherlands', 'Social conflict', 'Agriculture', 'Social movements', 'Economy of the Netherlands', 'Activism', 'Political movements', 'Politics', 'Primary sector of the economy', 'Human rights', 'Europe', 'Conflict (process)', 'Public sphere', 'Food industry')","('Rowing (sport)', 'Euro', 'Force majeure', 'PGOU', 'Nijmegen', 'Investment', 'Economy', 'Mains electricity', 'Finance', 'Municipal council', 'Rescue squad', 'Rowing', 'Phocas', 'Rowing competitions', 'Ukraine', 'Boating', 'Water sports competitions', 'Europe', 'Water sports', 'Waal (river)', 'Politics', 'Article maintenance', 'Eurozone', 'Endurance games', 'Human-powered transport', 'Summer Olympic sports', 'Water transport', 'Currencies of Finland', 'Planning', 'Olympic sports', 'Technology', 'Contract clauses', 'Athletic sports', 'Law', 'Consent', 'Spatial planning', 'Summer sports', 'Economy of Europe', 'Vehicles', 'Summer Olympic Games', 'Energy', 'Law of obligations', 'Sports', 'Currency unions', 'Sports festivals', 'Common law', 'Currencies of Europe', 'Electrical engineering', 'Contract law', 'Urban planning', 'Monetary policy', 'Private law', 'Foreign exchange market', 'Urbanization', 'Legal concepts', 'Currencies of Zimbabwe', 'Civil law (legal system)', 'Outdoor recreation', 'Nature', 'Electric power', 'Land management', 'Business law', 'Team sports', 'Sports competitions', 'Government institutions', 'Currency', 'Principles', 'Currencies of South America', 'Trade', 'Games of physical skill', 'Hobbies', 'Power (physics)', 'Legal writing', 'Human power', 'Electricity', 'Architecture', 'Money', 'Public services', 'Economies', 'European Union', 'Physical exercise', 'Recreation', 'Spain', 'Currencies of North America', 'Physical quantities', 'Politics of the European Union', 'Competitions', 'Government of Spain', 'Transport', 'International sports competitions', 'Doctrines', 'Legal doctrines and principles', 'Government', 'Olympic Games', 'International finance', 'International trade', 'Economic integration', 'Currencies of the Caribbean', 'Sports events', 'European Union member economies', 'Competition', 'Currencies of the Americas', 'Jargon', 'Legal ethics', 'Financial markets', 'Conflicts', 'Quadrennial sporting events', 'Economy of Zimbabwe', 'Economies of Europe', 'Theories of law', 'International economic organizations', 'World economy', 'Economy of the European Union', 'Teams', 'Competitive games', 'Water', 'Human body', 'Vehicle operation', 'Currencies of the Commonwealth of Nations', 'Wars', 'Metrology', 'Entertainment events', 'Rules', 'Multi-sport events', 'Military', 'International sports', 'Rescue', 'Leisure', 'Economic law', 'Legal interpretation', 'Electromagnetism', 'Economy of the Caribbean', 'War', 'Late modern period', 'Quantity', 'Engineering', 'Economy of South America', 'Military operations', 'Intergovernmental organizations', 'Emergency management', 'Currencies of Africa', 'Emergency services', 'French words and phrases', 'Civil defense', 'Economy of Africa', 'Economy of North America', 'Public safety', 'Global conflicts', 'Firefighting', 'Force')","('Palm oil', 'Soybean', 'Vegetables', 'Sunflower oil', 'Oils', 'Renewable fuels', 'Foods', 'Crops', 'Economy', 'Non-timber forest products', 'Cooking oils', 'Vegetable oils', 'Plant products', 'Food ingredients', 'Hydrocarbons', 'Food and drink', 'Trade', 'Cooking', 'Liquids', 'Cooking fats', 'Industries (economics)', 'Indonesia', 'Natural products', 'Biofuel', 'Chemical substances', 'Sustainable technologies', 'Ukraine', 'Carbohydrates', 'Food', 'South America', 'Biofuels', 'Vegan cuisine', 'Agriculture', 'Energy crops', 'Forest products', 'Colza oil', 'Plants and humans', 'Bioenergy', 'Price', 'Rapeseed', 'Biomass', 'Natural environment', 'Fuels', 'Alternative fuels', 'Culture', 'Netherlands', 'Business', 'India', 'Edible plants', 'Nutrition', 'Helianthus annuus', 'Non-food crops', 'Business process', 'Food industry', 'Developing country', 'Natural resources', 'Sustainable development', 'Primary sector of the economy', 'Environmental technology', 'Russia', 'Oil', 'Environment', 'Canada', 'Mayonnaise', 'Nature', 'Economies', 'Drought', 'Chemical compounds', 'Health', 'Traditional knowledge', 'Materials', 'Politics', 'Food and drink preparation', 'Primary industries', 'Sustainability', 'Ethnobotany', 'Brassica rapa', 'Cultural exchange', 'Natural materials', 'Plant crops', 'World economy', 'Agronomy', 'Edible nuts and seeds', 'Rabobank', 'Hobbies', 'Technology', 'Artificial materials', 'Economy and the environment', 'Plants', 'Sustainable energy', 'Leiden', 'Industry (economics)', 'Vegetable oil', 'Oil palm', 'Public sphere', 'Agricultural science', 'Glycine (plant)', 'Soybean industry', 'Determinants of health', 'Soybean oil', 'Sustainable food system', 'Export', 'Domesticated plants', 'Economic development', 'Plant agriculture', 'Environmental issues', 'Goods (economics)', 'Fodder', 'International trade', 'Soy products', 'Renewable energy', 'Home', 'Economic taxonomy', 'Environmental movements', 'Microeconomics', 'Vegetarian cuisine', 'Soybeans', 'International relations', 'Edible palms', 'Manufacturing', 'Market (economics)', 'Chemistry', 'Chemical energy sources', 'Botany', 'Energy', 'Sustainable gardening', 'Traditional medicine', 'Ecology', 'Edible legumes', 'Marketing', 'Tropical agriculture', 'Arecoideae', 'Home economics', 'Food politics', 'Business economics', 'Arecaceae', 'Asian cuisine', 'Branches of science', 'Tropics', 'Cocoseae', 'Economics', 'Legumes', 'Global politics', 'Solid fuels', 'Energy and the environment', 'Nitrogen-fixing crops', 'Horticulture and gardening', 'Eating behaviors of humans', 'Environmental science', 'Products', 'Japanese cuisine', 'Environmental social science', 'Earth sciences', 'Sustainable agriculture', 'Brassica', 'Cosmetics chemicals', 'Health sciences', 'Social issues', 'Macroeconomics', 'Human impact on the environment', 'Political economy', 'Physical sciences', 'Change', 'Energy sources', 'Pricing', 'Service industries', 'Social institutions', 'Cuisine', 'Social inequality', 'Primate behavior', 'Agroecology', 'Secondary sector of the economy', 'Schools of economic thought', 'East Asian cuisine', 'Household chemicals', 'Medicinal herbs and fungi', 'Environmentalism', 'Climate change mitigation', 'Organisms', 'Food and the environment', 'Leaf vegetables', 'Crops originating from Asia', 'Energy economics', 'Resource economics', 'Taxa named', 'Europe', 'Economic problems', 'Veganism', 'Leaves', 'Organic farming', 'Staple foods', 'Botanical taxa', 'Asia', 'Phaseoleae', 'Globalization', 'International economics', 'Climate variability and change', 'Geopolitics', 'Business models', 'Environmental engineering', 'Environmental design', 'Systems engineering', 'Economic sectors', 'Medicinal plants', 'International business', 'Agricultural revolutions', 'Soft matter', 'Water', 'Communication', 'Branches of botany', 'Hydrology', 'Ethnobiology', 'Energy production', 'Cosmetics', 'Brassicaceae', 'Solids', 'Korean cuisine', 'Environmental controversies', 'Societal collapse', 'Systems ecology', 'Earth phenomena')","('Spain', 'Association football', 'FC Barcelona', 'Catalonia', 'Saudi Arabia', 'Barcelona', 'Euro', 'Supercopa de España', 'Universe', 'Sports', 'Team sports', 'Philosophy', 'Football codes', 'Culture', 'Politics', 'Fiction', 'Athletic sports', 'Football', 'Literature', 'Europe', 'Cognition', 'Law', 'Ethics', 'Justice', 'Issues in ethics', 'Entertainment', 'Concepts in metaphysics', 'Article maintenance', 'Royal Spanish Football Federation', 'Government', 'Branches of science', 'Applied ethics', 'Social institutions', 'Super cup', 'Leisure', 'Books', 'Philosophical theories', 'Philosophical methodology', 'Ball games', 'Cognitive science', 'Documents', 'Public sphere', 'Political ideologies', 'Health', 'Teams', 'Laws of association football', 'Creative works', 'Sport variants', 'Metaphilosophy', 'Metaphysics', 'Netherlands', 'Gaming', 'Games', 'Intellectual works', 'National association football club competitions', 'The arts', 'Philosophical movements', 'International relations', 'Hobbies', 'Recreation', 'Sports rules and regulations', 'Mass media', 'Western philosophy', 'Television series', 'Psychology', 'Political theories', 'Social issues')","('Debt', 'Healthcare in the Netherlands', 'Netherlands', 'Poverty', 'Health', 'Politics', 'Economy', 'Consultant', 'Finance', 'Political economy', 'Money', 'Social issues', 'Health sciences', 'Service industries', 'Industries (economics)', 'Economic problems', 'Liability (financial accounting)', 'Water', 'Health care', 'Services sector of the economy', 'Business', 'Personal finance', 'Trade', 'Community centre', 'Law', 'Demographic economics', 'Credit', 'Social programs', 'Gas', 'Personal development', 'Financial problems', 'Public services', 'Corporate law', 'Family economics', 'Financial law', 'Economic law', 'Balance sheet', 'Business law', 'Personal financial problems', 'Justice', 'Public finance', 'Benelux', 'Private law', 'Public economics', 'Technology', 'Microeconomics', 'Kingdom of the Netherlands', 'Corporate governance', 'Governance', 'Government', 'Nature', 'Government finances', 'Public policy', 'Issues in ethics', 'Corporations', 'Applied ethics', 'Branches of science', 'Companies', 'International relations', 'Europe', 'Medicine', 'Schools of economic thought', 'Civil law (legal system)', 'Life sciences', 'Law and economics', 'Economics', 'Policy', 'Applied and interdisciplinary physics', 'Financial services', 'Standard of living', 'Economies', 'Laarbeek', 'Social policy', 'Management', 'Welfare state', 'Accountability', 'Crowds', 'Distribution of wealth', 'Social inequality', 'Public sphere', 'Welfare', 'Social ethics', 'World economy', 'Payments', 'Ethics', 'Services (economics)', 'Public administration', 'Financial statements', 'Wealth', 'Monetary economics', 'Projects', 'Human development', 'Development economics', 'Clinical medicine', 'Economic inequality', 'Economic development', 'Relational ethics', 'Macroeconomics', 'Information governance', 'Earth sciences', 'Data security', 'Family', 'Gases', 'Government of the Netherlands', 'Consulting', 'Medical specialties', 'Belgium–Netherlands relations', 'Western Europe', 'Employment', 'Information technology management', 'Banking', 'Business organizations', 'Culture', 'Leadership', 'Consultants', 'Records management', 'Public sector', 'Article maintenance', 'International development', 'International trade', 'Change', 'Transparent materials', 'Chemistry', 'Therapy', 'Public records', 'Egalitarianism', 'Currency', 'Phases of matter', 'Popular psychology', 'Emergency management', 'Entertainment', 'Administrative law', 'Global politics', 'Aid', 'Financial technology', 'Foreign exchange market', 'Applied philosophy', 'Economic sectors', 'Counseling', 'Statistical mechanics', 'Labor', 'Financial markets', 'Applied mathematics', 'Planning', 'Advisors', 'Market (economics)', 'Progress', 'Physical chemistry', 'Materials', 'International finance', 'Concepts in metaphysics')","('Dutch nationality law', 'Islamic State', 'Justice', 'Law', 'Politics', 'Government', 'Foreign fighters in the Syrian and Iraqi Civil Wars', 'Netherlands', 'Nationality', 'International relations', 'Turkey', 'Council of State (Netherlands)', 'Terrorism', 'Syria', 'International law', 'Public law', 'Issues in ethics', 'Crime', 'Judiciary', 'Social institutions', 'Prison', 'Violence', 'Iraq', 'Criminal law', 'National security', 'Islam', 'Human rights', 'Amsterdam Airport Schiphol', 'Europe', 'Government institutions', 'Kurdish languages', 'Crimes', 'Human rights abuses', 'Cultural globalization', 'Government and personhood', 'Government of the Netherlands', 'Judge', 'Man-made disasters', 'Identity politics', 'Constitutional law', 'Criminology', 'Social issues', 'Public sphere', 'Applied ethics', 'Misconduct', 'Rights', 'Felony', 'Political violence', 'Human migration', 'Warfare', 'Criminal justice', 'Political ideologies', 'Nation', 'Culture', 'Injustice', 'War', 'Conflicts', 'Military', 'Conflict (process)', 'Middle East', 'Eric van der Burg', 'Judiciaries', 'Ankara', 'Ministry of Justice and Security', 'Governance', 'Abuse', 'Firearm', 'Common law', 'Law enforcement', 'Deviance (sociology)', 'Political science', 'Government of the Kingdom of the Netherlands', 'Ethical principles', 'Aggression', 'International security', 'Separation of powers', 'Political theories', 'International criminal law', 'Morality', 'Global politics', 'Violent crime', 'Religion', 'Cultural geography', 'Asia', 'Security', 'Western Asia', 'Government-related organizations', 'Power sharing', 'Wars', 'Dispute resolution', 'Causes of injury', 'Extremism', 'Late modern period', 'Problem behavior', 'Punishments', 'Institutional abuse', 'Persecution', 'Politics of the Middle East', 'Causes of death', 'Legal concepts', 'Ethnicity', 'Ethics', 'Kingdom of the Netherlands', 'Benelux', 'Social conflict', 'Prejudice and discrimination', 'Cultural politics', 'Accountability', 'Politics of the Netherlands', 'Defense policy', 'Fear', 'Politics and race', 'Social psychology', 'Legal organizations', 'Imprisonment and detention', 'Eurasia', 'Diplomacy', 'Politics of Asia', 'Penology', 'Social movements', 'Ideologies', 'Afro-Eurasia', 'Human gender and sexuality', 'Transitional justice', 'Defense', 'Secretary of state', 'Political movements', 'Controversies', 'Violent conflict', 'Nationality law', 'Politics of the Arab world', 'Dutch political institutions', 'Human sexuality', 'Political events', 'Concepts in ethics', 'Politics of the Kingdom of the Netherlands', 'Disasters', 'Legal action', 'Proxy wars', 'Safety', 'Forms of government', 'Islamic terrorism', 'Islam-related controversies', 'Public safety', 'Foreign policy', 'Arab Winter', 'Sexual ethics', 'Nationalism', 'Ethnic groups', 'Difference', 'Late modern Europe', 'Political power', 'Politics of Syria', 'Abrahamic religions', 'Syrian civil war', 'Hazards', '3rd-millennium conflicts', 'Killings', 'Aftermath of the Arab Spring', 'Military units and factions of the Syrian civil war', 'Sex and the law', 'Ongoing conflicts', 'Iran–Saudi Arabia proxy conflict', 'Primate behavior', 'Ethnicity in politics', 'Emergency management', 'Private law', 'Public administration', 'Civil law (legal system)', 'Human reproduction', 'Civil rights and liberties', 'Globalization', 'Branches of science', 'Article maintenance', 'Sexuality', 'Southern Europe', 'Foreign involvement in the Syrian civil war', 'Punishment', 'Murder', 'Women', 'Islamic terrorism and Norway', 'Military operations', 'Supernatural', '2nd-millennium conflicts', 'Bashar al-Assad', 'Cultural exchange', 'Gender equality')","('Tour de France', 'Crime', 'Wout Poels', 'Crimes', 'Man-made disasters', 'France', 'Law enforcement', 'Criminal law', 'Violence', 'Politics', 'Government', 'Cycling events', 'Netherlands', 'National security', 'Road bicycle racing', 'Road bicycle races', 'Grand Tour (cycling)', 'Cycle racing', 'Issues in ethics', 'Human rights', 'Law', 'Sports', 'Justice', 'UCI World Tour', 'Challenge Desgrange-Colombo races', 'Social issues', 'Emergency management', 'Copenhagen', 'Racing', 'Public sphere', 'Marseille', 'Misconduct', 'Super Prestige Pernod', 'Police', 'Cycle sport', 'Public safety', 'Disasters', 'Culture', 'UCI ProTour', 'UCI Road World Championships cyclists for the Netherlands', 'UCI World Tour races', 'Challenge Desgrange-Colombo', 'Denmark', 'Cycling', 'Legal action', 'UCI ProTour races', 'Netherlands at cycling events', 'Criminal justice', 'Athletic sports', 'Super Prestige Pernod races', 'Olympic cyclists of the Netherlands', 'Europe', 'Criminology', 'Cycling competitions', 'Emergency services', 'Dutch male cyclists', 'Hobbies', 'Human rights abuses', 'Cyclists', 'Dutch cyclists', ""Men's road bicycle races"", 'July sporting events', 'Male cyclists', 'Conflict (process)', 'Entertainment', 'Cyclists at the UCI Road World Championships', 'Law enforcement techniques', 'Recreation', 'International relations', 'Injustice', 'Cycling people', 'Late modern period', 'Applied ethics', 'Olympic cyclists', ""Men's road cycling"", 'Security', 'Venray', 'Abuse', 'Public law', 'Deviance (sociology)', ""Men's cycle races"", 'Leisure', 'Bahrain', 'Aggression', 'People from Venray', 'Cycle races', 'Social institutions', 'Cycle racing series', 'Summer', 'Sports competitions', 'Dutch sportsmen', 'UCI tours', 'Social conflict', ""Men's cycle racing"", 'Sports events', 'Sports competition series', 'Rights', 'Sportspeople from Limburg (Netherlands)', 'Causes of death', 'Political violence', 'July events', 'COVID-19 pandemic', 'Conflicts', 'Controversies', 'Dutch sportspeople', 'Union Cycliste Internationale', 'Summer Olympics competitors for the Netherlands', 'Ongoing events', 'Morality', 'Killings', 'Dutch competitors', 'Entertainment events', 'Summer events (Northern Hemisphere)', 'People from Limburg (Netherlands)', 'UCI Road World Championships', 'Murder', 'Bioethics', 'Hazards', 'Organized events', 'Ethical principles', 'Netherlands at the Summer Olympics', 'Health', 'State crime', 'Nations at cycling events', 'Recurring sporting events', 'Northern Hemisphere', 'Recurring events', 'Common law', 'Health law', 'Military', 'Professional ethics', 'Annual sporting events', 'Annual events', 'Causes of injury', 'International criminal law', 'Institutional abuse', 'Problem behavior', 'Persecution', 'Wars', ""Men's sports competitions"", 'Attacks', 'Cultural events', 'Warfare', 'Political events', 'Occupational safety and health', 'Tourist attractions', 'Civil rights and liberties', 'Current events', 'Defense', 'Ethics', 'Medical ethics', 'Late modern Europe', 'Military operations', 'War', 'Seasons', 'Political ideologies', 'Identity politics', 'Article maintenance', 'COVID-19', 'Government institutions', 'Fiction', 'Accountability', 'Health sciences', 'Government and personhood', 'Safety', 'Criticisms')","('Apex predators', 'Canis lupus', 'Quaternary carnivorans', 'Wolves', 'Pleistocene carnivorans', 'Canis', 'Scavengers', 'Canina (subtribe)', 'Middle Pleistocene', 'Carnivorous animals', 'Extant Middle Pleistocene first appearances', 'Trophic ecology', 'Extant Pleistocene first appearances', 'Holarctic', 'Quaternary animals', 'Predation', 'Quaternary first appearances', 'Quaternary mammals', 'Mammals of Europe', 'Mammals of North America', 'Fauna', 'Mammals of Asia', 'Predators', 'Organisms', 'Pleistocene mammals', 'Pleistocene first appearances', 'Pleistocene fossil record', 'Holarctic fauna', 'Animal death', 'Wageningen University & Research', 'Pleistocene life', 'Pleistocene events', 'Eating behaviors', 'Vertebrates of Asia', 'Wolf', 'Paraphyletic groups', 'Mammals', 'Animals', 'Vertebrates of Europe', 'Behavioral ecology', 'Vertebrates of North America', 'Cenozoic carnivorans', 'Extant Quaternary first appearances', 'Carnivory', 'Taxa named', 'Mammalogy', 'Carl Linnaeus', 'Animal health', 'Pleistocene animals', 'Phylogenetics', 'Biological interactions', 'Biogeography', 'Article maintenance', 'Ecology', 'Causes of death', 'Botanical taxa', 'Animal physiology', 'Food and drink', 'Pleistocene', 'Vertebrate zoology', 'Fauna of North America', 'Evolutionary biology', 'Therapsids', 'Quaternary geochronology', 'Fauna of Asia', 'Habitat', 'Environmental social science', 'Environments', 'Quaternary life', 'Causes of events', 'Mammaliaformes', 'Sphenacodonts', 'Nutrition', 'Fauna of Europe', 'Cenozoic mammals', 'Vertebrates', 'Northern Hemisphere', 'Extant Cenozoic first appearances', 'Biology', 'Systems ecology', 'Extinct carnivorans', 'Biogeographic realms', 'Forensic science', 'Biological classification', 'Environmental science', 'Taxa', 'Swedish taxonomists', 'Pleistocene geochronology', 'Taxonomy (biology)', 'Biota of Europe', 'Biota of Asia', 'Geological ages', 'Biota of North America', 'Scientists', 'Death', 'Systems biology', 'Natural environment', 'Wildlife', 'Nature', 'Earth phenomena', 'Natural resources', 'Utrecht', 'Resources', 'Geopolitics', 'Global politics', 'International security')"
topics.score,"(1.0, 1.0, 1.0, 1.0, 1.0, 1.0, 1.0, 1.0, 1.0, 1.0, 1.0, 1.0, 1.0, 0.9764, 0.9432, 0.9316000000000001, 0.908, 0.8864000000000001, 0.8851, 0.8806, 0.8617, 0.8249000000000001, 0.8177000000000001, 0.7969, 0.7951, 0.7941, 0.7639, 0.7395, 0.724, 0.724, 0.7178, 0.6960000000000001, 0.6789000000000001, 0.6272, 0.62, 0.5898, 0.5878, 0.5819, 0.5646, 0.5409, 0.5364, 0.5218, 0.5174, 0.5059, 0.5046, 0.4985, 0.4923, 0.4864, 0.4635, 0.4592, 0.4586, 0.4449, 0.43160000000000004, 0.4297, 0.423, 0.4189, 0.40950000000000003, 0.4082, 0.4073, 0.3995, 0.3992, 0.3927, 0.3589, 0.3312, 0.3291, 0.3287, 0.3271, 0.31920000000000004, 0.3141, 0.3109, 0.3069, 0.2979, 0.2978, 0.2903, 0.2876, 0.2821, 0.2787, 0.2748, 0.2691, 0.2686, 0.2662, 0.2632, 0.25730000000000003, 0.2539, 0.2538, 0.2529, 0.251, 0.2466, 0.24580000000000002, 0.24330000000000002, 0.2386, 0.2368, 0.2343, 0.23, 0.2267, 0.2159, 0.2154, 0.2151, 0.2144, 0.213, 0.21230000000000002, 0.2112, 0.2058, 0.2041, 0.2031, 0.2026, 0.2024, 0.19990000000000002, 0.1978, 0.19720000000000001, 0.1962, 0.1958, 0.1947, 0.19310000000000002, 0.1912, 0.18660000000000002, 0.18610000000000002, 0.1855, 0.181, 0.1799, 0.1782, 0.17500000000000002, 0.17250000000000001, 0.1708, 0.1703, 0.1694, 0.1663, 0.1647, 0.1645, 0.16390000000000002, 0.1637, 0.1633, 0.1626, 0.1622, 0.1577, 0.1569, 0.1563, 0.1555, 0.1552, 0.15330000000000002, 0.1529, 0.15180000000000002, 0.1484, 0.1467, 0.1463, 0.1418, 0.1411, 0.139, 0.1369, 0.1368, 0.13620000000000002, 0.13570000000000002, 0.132, 0.1315, 0.1301, 0.12940000000000002, 0.1272, 0.1255, 0.125, 0.12480000000000001, 0.12350000000000001, 0.123, 0.1218, 0.11950000000000001, 0.11910000000000001, 0.1158, 0.114, 0.11180000000000001, 0.1107, 0.1106, 0.10890000000000001, 0.10880000000000001, 0.10840000000000001, 0.1066, 0.1053, 0.1051, 0.10400000000000001, 0.10400000000000001, 0.1027, 0.10200000000000001, 0.09943, 0.09904, 0.09796, 0.09618, 0.09542, 0.09517, 0.09512000000000001, 0.09348000000000001, 0.09343000000000001, 0.09333000000000001, 0.09307000000000001, 0.093, 0.09206, 0.09117, 0.08933, 0.08886000000000001, 0.08825000000000001, 0.08817000000000001, 0.08792000000000001, 0.08739000000000001, 0.08667000000000001, 0.08581000000000001, 0.08381000000000001, 0.08289, 0.08117, 0.08042, 0.0801, 0.08, 0.0772, 0.07535, 0.07486000000000001, 0.0748, 0.07414000000000001, 0.07291, 0.07281, 0.07268000000000001, 0.0724, 0.07088000000000001, 0.07003000000000001, 0.06902000000000001, 0.06844, 0.06775, 0.06756000000000001, 0.0669, 0.06578, 0.06323000000000001, 0.06174, 0.06135, 0.060790000000000004, 0.058910000000000004, 0.05845, 0.05752, 0.05738000000000001, 0.057, 0.05648, 0.05405000000000001, 0.053040000000000004, 0.052550000000000006, 0.05217, 0.05197, 0.05049000000000001, 0.05033000000000001)","(0.8189000000000001, 0.8004, 0.6089, 0.5973, 0.5562, 0.44220000000000004, 0.4314, 0.3653, 0.3452, 0.3406, 0.33630000000000004, 0.3254, 0.323, 0.32020000000000004, 0.2972, 0.28550000000000003, 0.28300000000000003, 0.2514, 0.24760000000000001, 0.23850000000000002, 0.23040000000000002, 0.2255, 0.21330000000000002, 0.2104, 0.20720000000000002, 0.198, 0.191, 0.1894, 0.1877, 0.18150000000000002, 0.18150000000000002, 0.1809, 0.1802, 0.1762, 0.1695, 0.16920000000000002, 0.1603, 0.15430000000000002, 0.1542, 0.1515, 0.147, 0.13820000000000002, 0.1364, 0.1321, 0.13140000000000002, 0.1247, 0.1233, 0.123, 0.1135, 0.11280000000000001, 0.11230000000000001, 0.10840000000000001, 0.1041, 0.1019, 0.1014, 0.09586000000000001, 0.09439, 0.09033000000000001, 0.08807000000000001, 0.08754, 0.08277000000000001, 0.0826, 0.0824, 0.08139, 0.07879000000000001, 0.07641, 0.07606, 0.07481, 0.07326, 0.07235000000000001, 0.06873, 0.06516000000000001, 0.06463, 0.06232000000000001, 0.06157000000000001, 0.061360000000000005, 0.05965, 0.058, 0.056670000000000005, 0.05507000000000001, 0.05485, 0.05457000000000001, 0.054200000000000005, 0.05331, 0.05288, 0.052680000000000005, 0.05242)","(0.4612, 0.4345, 0.4113, 0.39080000000000004, 0.3725, 0.3561, 0.3413, 0.32780000000000004, 0.3154, 0.30410000000000004, 0.2838, 0.2747, 0.25830000000000003, 0.2508, 0.24380000000000002, 0.23720000000000002, 0.23090000000000002)","(0.6618, 0.5348, 0.5001, 0.4561, 0.4282, 0.3657, 0.35350000000000004, 0.3346, 0.32030000000000003, 0.31070000000000003, 0.3059, 0.30110000000000003, 0.2741, 0.2632, 0.25620000000000004, 0.24880000000000002, 0.24730000000000002, 0.24280000000000002, 0.23450000000000001, 0.2295, 0.2238, 0.21880000000000002, 0.2096, 0.2094, 0.1993, 0.19, 0.1894, 0.1887, 0.1836, 0.18150000000000002, 0.1796, 0.1786, 0.17370000000000002, 0.1733, 0.1716, 0.16820000000000002, 0.1665, 0.1661, 0.1636, 0.16140000000000002, 0.1597, 0.15960000000000002, 0.1583, 0.1582, 0.15480000000000002, 0.15460000000000002, 0.1519, 0.1494, 0.1489, 0.14780000000000001, 0.1469, 0.1461, 0.1458, 0.1453, 0.1441, 0.1423, 0.1413, 0.1391, 0.1388, 0.1375, 0.1365, 0.1361, 0.13240000000000002, 0.1307, 0.1303, 0.12940000000000002, 0.1269, 0.1259, 0.12390000000000001, 0.12350000000000001, 0.1223, 0.12190000000000001, 0.11950000000000001, 0.1194, 0.11900000000000001, 0.1148, 0.1143, 0.1136, 0.11320000000000001, 0.112, 0.1119, 0.111, 0.10880000000000001, 0.10640000000000001, 0.1046, 0.1043, 0.1028, 0.1018, 0.1004, 0.09978000000000001, 0.09969000000000001, 0.09873000000000001, 0.09819000000000001, 0.09731000000000001, 0.09702000000000001, 0.09653, 0.09630000000000001, 0.09580000000000001, 0.094, 0.09286000000000001, 0.09138, 0.09105, 0.09085000000000001, 0.08906000000000001, 0.08851, 0.08723, 0.08664000000000001, 0.08660000000000001, 0.08552000000000001, 0.0844, 0.08346, 0.083, 0.08287000000000001, 0.08277000000000001, 0.08045000000000001, 0.08005000000000001, 0.07977000000000001, 0.07883000000000001, 0.07853, 0.07778, 0.07734, 0.07704000000000001, 0.0756, 0.07534, 0.07425000000000001, 0.07303000000000001, 0.07266, 0.07146000000000001, 0.06985000000000001, 0.0698, 0.06936, 0.06808, 0.06756000000000001, 0.06679, 0.06646, 0.06576, 0.06497, 0.06479, 0.06451000000000001, 0.06365000000000001, 0.06201, 0.061900000000000004, 0.05899000000000001, 0.05827, 0.05824000000000001, 0.057980000000000004, 0.053680000000000005, 0.051530000000000006, 0.05065000000000001, 0.05031000000000001)","(1.0, 1.0, 1.0, 0.9722000000000001, 0.9633, 0.9295, 0.915, 0.8844000000000001, 0.8786, 0.8734000000000001, 0.8485, 0.8221, 0.8107000000000001, 0.8057000000000001, 0.7886000000000001, 0.7876000000000001, 0.7742, 0.7709, 0.7681, 0.7594000000000001, 0.7489, 0.7169, 0.7156, 0.6967, 0.6932, 0.655, 0.6234000000000001, 0.61, 0.5998, 0.5978, 0.5936, 0.5875, 0.5818, 0.5739000000000001, 0.5672, 0.5625, 0.5541, 0.5519000000000001, 0.5511, 0.5386000000000001, 0.5259, 0.5246000000000001, 0.521, 0.5111, 0.5096, 0.5072, 0.4953, 0.4898, 0.4889, 0.4807, 0.4777, 0.47390000000000004, 0.4586, 0.4451, 0.4243, 0.4232, 0.423, 0.4184, 0.41490000000000005, 0.40790000000000004, 0.4055, 0.3854, 0.3815, 0.3705, 0.3684, 0.3633, 0.3396, 0.3383, 0.3277, 0.3186, 0.3005, 0.2837, 0.2837, 0.2793, 0.2692, 0.2656, 0.2631, 0.26280000000000003, 0.2607, 0.2579, 0.2566, 0.255, 0.2546, 0.2381, 0.23750000000000002, 0.2366, 0.2341, 0.228, 0.2275, 0.22440000000000002, 0.2225, 0.22160000000000002, 0.2214, 0.22130000000000002, 0.21660000000000001, 0.2165, 0.2129, 0.212, 0.209, 0.20750000000000002, 0.2038, 0.20270000000000002, 0.2016, 0.2015, 0.2001, 0.1983, 0.198, 0.19770000000000001, 0.1971, 0.197, 0.1957, 0.195, 0.193, 0.193, 0.1895, 0.1893, 0.18760000000000002, 0.18630000000000002, 0.1804, 0.1794, 0.1776, 0.17350000000000002, 0.1638, 0.1603, 0.1558, 0.1553, 0.15330000000000002, 0.1526, 0.15, 0.149, 0.1467, 0.1438, 0.1424, 0.1414, 0.137, 0.13670000000000002, 0.1333, 0.1322, 0.1305, 0.13, 0.12940000000000002, 0.12660000000000002, 0.1262, 0.1255, 0.125, 0.12490000000000001, 0.124, 0.1222, 0.1213, 0.11760000000000001, 0.1173, 0.1173, 0.11670000000000001, 0.1148, 0.11420000000000001, 0.114, 0.1134, 0.1119, 0.1091, 0.1047, 0.1038, 0.1019, 0.1014, 0.1009, 0.10010000000000001, 0.09972, 0.09782, 0.09581, 0.09519000000000001, 0.09495, 0.09455000000000001, 0.09372000000000001, 0.08879000000000001, 0.08691, 0.08553000000000001, 0.08533, 0.08253, 0.08198000000000001, 0.08170000000000001, 0.08141000000000001, 0.07906, 0.07878, 0.07764, 0.07718000000000001, 0.07715000000000001, 0.07706, 0.07686000000000001, 0.07682, 0.07475000000000001, 0.07465000000000001, 0.07458000000000001, 0.07306, 0.07001, 0.06914000000000001, 0.06879, 0.06795000000000001, 0.06731000000000001, 0.0669, 0.06563000000000001, 0.06351000000000001, 0.06327, 0.06289, 0.06191000000000001, 0.061840000000000006, 0.061610000000000005, 0.06137000000000001, 0.060570000000000006, 0.06024, 0.05967000000000001, 0.059320000000000005, 0.059300000000000005, 0.058800000000000005, 0.055040000000000006, 0.053930000000000006, 0.05344, 0.053250000000000006, 0.052860000000000004, 0.052750000000000005, 0.0519, 0.05018, 0.050120000000000005)","(1.0, 0.8657, 0.7796000000000001, 0.7429, 0.7129000000000001, 0.6361, 0.5256000000000001, 0.3718, 0.36110000000000003, 0.30360000000000004, 0.2713, 0.25830000000000003, 0.25720000000000004, 0.24880000000000002, 0.2364, 0.23450000000000001, 0.22590000000000002, 0.1764, 0.1646, 0.1627, 0.1603, 0.1351, 0.12840000000000001, 0.126, 0.1245, 0.12040000000000001, 0.1192, 0.11900000000000001, 0.1177, 0.1149, 0.11220000000000001, 0.11030000000000001, 0.1081, 0.10200000000000001, 0.09807, 0.09670000000000001, 0.09328, 0.08721000000000001, 0.08164, 0.08045000000000001, 0.08022, 0.07976000000000001, 0.07431, 0.07209, 0.07118000000000001, 0.07084, 0.06910000000000001, 0.06867000000000001, 0.06839, 0.06731000000000001, 0.06712, 0.06555000000000001, 0.06524, 0.06349, 0.061, 0.06081, 0.060700000000000004, 0.06003000000000001, 0.05813000000000001, 0.0577, 0.05467, 0.05287000000000001, 0.052450000000000004, 0.05212000000000001, 0.05165, 0.05136, 0.050370000000000005)","(1.0, 1.0, 0.8394, 0.803, 0.765, 0.7423000000000001, 0.7168, 0.6952, 0.6842, 0.5894, 0.5809000000000001, 0.549, 0.5342, 0.5305, 0.507, 0.5003000000000001, 0.4808, 0.47900000000000004, 0.4423, 0.43670000000000003, 0.4156, 0.3992, 0.3902, 0.38620000000000004, 0.3804, 0.36920000000000003, 0.36510000000000004, 0.35910000000000003, 0.3563, 0.3477, 0.3365, 0.3285, 0.3124, 0.31070000000000003, 0.30720000000000003, 0.3032, 0.29860000000000003, 0.2898, 0.28600000000000003, 0.2775, 0.27640000000000003, 0.2707, 0.2635, 0.26280000000000003, 0.2615, 0.259, 0.2586, 0.25830000000000003, 0.254, 0.25320000000000004, 0.2485, 0.24630000000000002, 0.2451, 0.2446, 0.24150000000000002, 0.23220000000000002, 0.2321, 0.222, 0.22160000000000002, 0.22110000000000002, 0.221, 0.2099, 0.2023, 0.19820000000000002, 0.1973, 0.1953, 0.19260000000000002, 0.1918, 0.1905, 0.19010000000000002, 0.1864, 0.1864, 0.18560000000000001, 0.17980000000000002, 0.1776, 0.17750000000000002, 0.17470000000000002, 0.17470000000000002, 0.1718, 0.16840000000000002, 0.16770000000000002, 0.1618, 0.1605, 0.1537, 0.14730000000000001, 0.1469, 0.1433, 0.14170000000000002, 0.1416, 0.13970000000000002, 0.13770000000000002, 0.1363, 0.13490000000000002, 0.1342, 0.133, 0.1263, 0.12510000000000002, 0.1242, 0.1237, 0.12010000000000001, 0.1198, 0.11960000000000001, 0.1189, 0.1183, 0.1178, 0.1169, 0.1148, 0.1139, 0.11120000000000001, 0.11040000000000001, 0.1102, 0.1082, 0.10790000000000001, 0.1075, 0.1071, 0.1057, 0.09956000000000001, 0.09934000000000001, 0.09856000000000001, 0.09722000000000001, 0.09689, 0.09624, 0.09564, 0.0949, 0.09442, 0.0944, 0.09438, 0.09279000000000001, 0.09056, 0.08895, 0.08713000000000001, 0.08484000000000001, 0.08378000000000001, 0.08201000000000001, 0.08082, 0.07435, 0.07303000000000001, 0.07074000000000001, 0.06985000000000001, 0.06792000000000001, 0.06742000000000001, 0.06684000000000001, 0.06280000000000001, 0.060750000000000005, 0.059500000000000004, 0.059070000000000004, 0.057300000000000004, 0.055720000000000006, 0.05414000000000001, 0.050230000000000004, 0.05006000000000001)","(1.0, 1.0, 1.0, 1.0, 1.0, 0.9868, 0.8465, 0.8398, 0.781, 0.7629, 0.7497, 0.7404000000000001, 0.7403000000000001, 0.7365, 0.7326, 0.7020000000000001, 0.6917, 0.6276, 0.6129, 0.6097, 0.5842, 0.5603, 0.5368, 0.5354, 0.492, 0.4777, 0.4721, 0.47000000000000003, 0.4651, 0.45470000000000005, 0.4434, 0.43710000000000004, 0.4273, 0.4218, 0.4204, 0.4189, 0.4152, 0.4106, 0.4057, 0.4043, 0.3951, 0.39030000000000004, 0.38920000000000005, 0.3866, 0.37560000000000004, 0.3735, 0.36250000000000004, 0.3504, 0.3327, 0.3312, 0.329, 0.3279, 0.3241, 0.3235, 0.323, 0.3226, 0.3119, 0.3108, 0.3093, 0.30820000000000003, 0.30670000000000003, 0.30660000000000004, 0.30510000000000004, 0.302, 0.3004, 0.2949, 0.2938, 0.2906, 0.2803, 0.27890000000000004, 0.26980000000000004, 0.26730000000000004, 0.2609, 0.26, 0.2545, 0.24020000000000002, 0.23920000000000002, 0.2378, 0.21980000000000002, 0.2189, 0.21810000000000002, 0.2174, 0.2159, 0.2061, 0.20350000000000001, 0.2008, 0.1927, 0.1912, 0.18730000000000002, 0.1811, 0.1784, 0.1773, 0.1767, 0.1753, 0.1736, 0.1723, 0.1688, 0.1587, 0.1565, 0.15560000000000002, 0.1529, 0.1517, 0.1517, 0.14980000000000002, 0.1458, 0.14550000000000002, 0.1437, 0.1433, 0.1433, 0.1419, 0.14020000000000002, 0.13770000000000002, 0.1342, 0.1321, 0.129, 0.1287, 0.12840000000000001, 0.1272, 0.1272, 0.121, 0.1178, 0.11370000000000001, 0.10880000000000001, 0.1086, 0.1071, 0.1058, 0.105, 0.1044, 0.1027, 0.10200000000000001, 0.0998, 0.09948000000000001, 0.09817000000000001, 0.09615000000000001, 0.09575, 0.09473000000000001, 0.09347000000000001, 0.0927, 0.09112, 0.09074, 0.09052, 0.09036000000000001, 0.09, 0.08915000000000001, 0.08878000000000001, 0.08869, 0.08766, 0.08405000000000001, 0.08358, 0.07908000000000001, 0.07876000000000001, 0.07846, 0.07651000000000001, 0.0758, 0.07549, 0.0745, 0.07236000000000001, 0.07161000000000001, 0.07161000000000001, 0.07032000000000001, 0.06869, 0.06818, 0.06814, 0.06774000000000001, 0.06573000000000001, 0.06489, 0.06416000000000001, 0.06346, 0.06219, 0.061610000000000005, 0.060730000000000006, 0.0568, 0.05657, 0.05654000000000001, 0.05636000000000001, 0.05607, 0.05564, 0.05485, 0.054630000000000005, 0.053360000000000005, 0.053200000000000004, 0.05258, 0.05254, 0.05181, 0.05126000000000001, 0.050940000000000006, 0.050120000000000005)","(0.5148, 0.4561, 0.4379, 0.42510000000000003, 0.41090000000000004, 0.4032, 0.3986, 0.3977, 0.3922, 0.3804, 0.3758, 0.3672, 0.36360000000000003, 0.3629, 0.3556, 0.34690000000000004, 0.34290000000000004, 0.34090000000000004, 0.3383, 0.33440000000000003, 0.3332, 0.3113, 0.3094, 0.2922, 0.2881, 0.2801, 0.279, 0.2761, 0.2737, 0.26830000000000004, 0.2665, 0.2621, 0.25980000000000003, 0.2595, 0.2595, 0.25880000000000003, 0.2576, 0.2576, 0.2539, 0.25, 0.24880000000000002, 0.24810000000000001, 0.24710000000000001, 0.24650000000000002, 0.2439, 0.23950000000000002, 0.23320000000000002, 0.2313, 0.22560000000000002, 0.2248, 0.21860000000000002, 0.2134, 0.21230000000000002, 0.2106, 0.2078, 0.2056, 0.2038, 0.2023, 0.2021, 0.19410000000000002, 0.1935, 0.1907, 0.1902, 0.1859, 0.1854, 0.18380000000000002, 0.1834, 0.1826, 0.18030000000000002, 0.17830000000000001, 0.1767, 0.17650000000000002, 0.1751, 0.17250000000000001, 0.1716, 0.1665, 0.16590000000000002, 0.1641, 0.1635, 0.1608, 0.1553, 0.1535, 0.1517, 0.1516, 0.1509, 0.15080000000000002, 0.1466, 0.1466, 0.14400000000000002, 0.1431, 0.1381, 0.13770000000000002, 0.1346, 0.1345, 0.1338, 0.1333, 0.1328, 0.13240000000000002, 0.1295, 0.1288, 0.1282, 0.1236, 0.12340000000000001, 0.12290000000000001, 0.122, 0.1198, 0.1173, 0.1165, 0.1134, 0.113, 0.1129, 0.1106, 0.1092, 0.1087, 0.1047, 0.1034, 0.1033, 0.1027, 0.10200000000000001, 0.1013, 0.101, 0.10010000000000001, 0.09853, 0.0974, 0.09729, 0.09601000000000001, 0.09469000000000001, 0.09384, 0.09312000000000001, 0.09190000000000001, 0.09175000000000001, 0.08924000000000001, 0.08812, 0.08562, 0.08551, 0.07989, 0.07681, 0.07628, 0.07590000000000001, 0.07508000000000001, 0.07464000000000001, 0.0743, 0.07395, 0.07202, 0.07178000000000001, 0.07003000000000001, 0.0699, 0.06874000000000001, 0.06841000000000001, 0.06759000000000001, 0.0661, 0.06582, 0.06465, 0.06446, 0.06391000000000001, 0.062, 0.060610000000000004, 0.058050000000000004, 0.05784, 0.05553, 0.05496, 0.05222, 0.051120000000000006, 0.05061, 0.05024000000000001, 0.050050000000000004)","(1.0, 1.0, 1.0, 1.0, 1.0, 1.0, 1.0, 1.0, 0.9408000000000001, 0.9093, 0.8542000000000001, 0.8196, 0.807, 0.8063, 0.7859, 0.7834, 0.7304, 0.6986, 0.684, 0.6838000000000001, 0.6702, 0.6571, 0.6541, 0.6346, 0.6327, 0.6213000000000001, 0.6105, 0.6017, 0.5995, 0.5828, 0.5806, 0.5714, 0.5683, 0.5626, 0.5615, 0.5542, 0.5497000000000001, 0.547, 0.546, 0.5305, 0.5232, 0.5161, 0.5026, 0.49620000000000003, 0.4781, 0.4746, 0.47240000000000004, 0.46680000000000005, 0.4615, 0.4562, 0.4511, 0.44620000000000004, 0.43670000000000003, 0.43210000000000004, 0.42760000000000004, 0.4232, 0.4108, 0.4068, 0.40290000000000004, 0.3991, 0.39540000000000003, 0.38820000000000005, 0.38480000000000003, 0.38130000000000003, 0.378, 0.37470000000000003, 0.3715, 0.3684, 0.3653, 0.3623, 0.3593, 0.3564, 0.35350000000000004, 0.3507, 0.3426, 0.34, 0.33740000000000003, 0.33490000000000003, 0.33240000000000003, 0.33, 0.3252, 0.3229, 0.3206, 0.3183, 0.3161, 0.3139, 0.3118, 0.30960000000000004, 0.30760000000000004, 0.3055, 0.3035, 0.3015, 0.2995, 0.29760000000000003, 0.29560000000000003, 0.2938, 0.1819, 0.1549, 0.1509, 0.1279, 0.1222, 0.11, 0.08717000000000001, 0.07699, 0.07246000000000001, 0.06430000000000001)"
categories.name,"('Sports', 'Sports>Soccer', 'Business and Finance>Business', 'Business and Finance', 'Business and Finance>Industries', 'Business and Finance>Industries>Manufacturing Industry')","('News and Politics>Law', 'News and Politics>Politics')","('News and Politics>Politics', 'Business and Finance>Economy')","('Sports>Rowing', 'Business and Finance', 'Sports', 'Business and Finance>Economy', 'Business and Finance>Economy>Currencies')","('Food & Drink', 'Food & Drink>Cooking', 'Business and Finance>Industries', 'Business and Finance', 'Business and Finance>Economy', 'Business and Finance>Business', 'Business and Finance>Business>Green Solutions', 'Business and Finance>Industries>Agriculture', 'Healthy Living>Nutrition', 'Technology & Computing')","('Sports', 'Sports>Soccer', 'Video Gaming>eSports')","('Business and Finance', 'Medical Health', 'News and Politics>Law', 'Business and Finance>Economy', 'Business and Finance>Business', 'Personal Finance', 'Business and Finance>Industries', 'Personal Finance>Personal Taxes', 'Personal Finance>Personal Debt', 'Business and Finance>Business>Business Accounting & Finance')","('News and Politics>Law', 'News and Politics>Politics', 'News and Politics>Crime', 'Religion & Spirituality', 'News and Politics>Politics>War and Conflicts', 'Religion & Spirituality>Islam', 'News and Politics>Politics>Political Issues', 'Science')","('News and Politics>Law', 'Sports', 'Sports>Cycling', 'News and Politics>Disasters', 'News and Politics>Crime', 'Events and Attractions>Sporting Events', 'News and Politics>Politics', 'Travel>Travel Locations>Europe Travel')","('Science', 'Science>Environment', 'Medical Health', 'Medical Health>Medical Tests', 'Pets', 'Science>Geology', 'Food & Drink', 'Events and Attractions>Zoos & Aquariums', 'Healthy Living>Nutrition', 'Healthy Living>Wellness')"
categories.score,"(1.0, 0.767, 0.3826, 0.3826, 0.3652, 0.3277)","(0.36010000000000003, 0.3406)","(0.4677, 0.461)","(0.4798, 0.45020000000000004, 0.42010000000000003, 0.353, 0.33280000000000004)","(0.8568, 0.7273000000000001, 0.7197, 0.6794, 0.6704, 0.6517000000000001, 0.5596, 0.5243, 0.4697, 0.4157)","(0.8227, 0.4022, 0.37110000000000004)","(0.8572000000000001, 0.6704, 0.6704, 0.6704, 0.6229, 0.5775, 0.5763, 0.4803, 0.4626, 0.4126)","(0.7046, 0.6682, 0.4979, 0.42250000000000004, 0.40290000000000004, 0.40230000000000005, 0.34890000000000004, 0.3396)","(0.6704, 0.5359, 0.5137, 0.48150000000000004, 0.4811, 0.3816, 0.3325, 0.3282)","(0.8245, 0.6165, 0.5952000000000001, 0.5174, 0.40990000000000004, 0.4072, 0.4031, 0.3952, 0.3924, 0.3901)"
